[
  {
    "_id": {
      "$oid": "5f6d025008a1b6f0e5636bc3"
    },
    "status": 1,
    "customerType": 2,
    "category": "sneakers",
    "images": [
      {
        "src": "https://objectstorage.ap-mumbai-1.oraclecloud.com/n/softlogicbicloud/b/cdn/o/products/400-600/F25M05V02LBL00M--1--1603184385.jpeg",
        "color": "Purple",
        "hex": "#492B70"
      },
      {
        "src": "https://objectstorage.ap-mumbai-1.oraclecloud.com/n/softlogicbicloud/b/cdn/o/products/400-600/F25M05V02LBL00M--2--1603184386.jpeg",
        "color": "Blue",
        "hex": "#0C3492"
      },
      {
        "src": "https://objectstorage.ap-mumbai-1.oraclecloud.com/n/softlogicbicloud/b/cdn/o/products/400-600/F25M05V02LBL00M--3--1603184386.jpeg",
        "color": "Black",
        "hex": "#111312"
      }
    ],
    "created": 1600979464563,
    "currency": {
      "id": "LKR",
      "format": "Rs"
    },
    "sizes": [
      "12",
      "12.5",
      "13"
    ],
    "name": "Regular Fit Shirt",
    "price": 3500,
    "description": "Sacoor Brothers Classic Regular Fit Shirt",
    "productCode": "852542-105",
    "ratings": {
      "total": 63,
      "avg": 5,
      "reviews": []
    }
  },
  {
    "_id": {
      "$oid": "5f6d0ad908a1b6f0e5636bc4"
    },
    "status": 1,
    "customerType": 2,
    "category": "sneakers",
    "images": [
      {
        "src": "https://objectstorage.ap-mumbai-1.oraclecloud.com/n/softlogicbicloud/b/cdn/o/products/400-600/156767558--2--1619678976.jpeg",
        "color": "White",
        "hex": "#EEE"
      },
      {
        "src": "https://objectstorage.ap-mumbai-1.oraclecloud.com/n/softlogicbicloud/b/cdn/o/products/400-600/156767558--2--1619678976.jpeg",
        "color": "Black",
        "hex": "#111312"
      }
    ],
    "created": 1600981421087,
    "currency": {
      "id": "LKR",
      "format": "Rs"
    },
    "sizes": [
      "7",
      "7.5",
      "8",
      "8.5",
      "9",
      "9.5",
      "10",
      "10.5",
      "11",
      "11.5",
      "12"
    ],
    "name": "Odel Casual Shirts",
    "price": 2700,
    "description": "Odel Casual Shirts Cash on Delivery",
    "productCode": "CT2816-100",
    "ratings": {
      "total": 0,
      "avg": 0,
      "reviews": []
    }
  },
  {
    "_id": {
      "$oid": "5f6d734f19ce90070b4837ce"
    },
    "status": 2,
    "customerType": 2,
    "category": "sneakers",
    "images": [
      {
        "src": "https://objectstorage.ap-mumbai-1.oraclecloud.com/n/softlogicbicloud/b/cdn/o/products/400-600/146163275--1--1609054560.jpeg",
        "color": "White",
        "hex": "#FAFAFA"
      },
      {
        "src": "https://objectstorage.ap-mumbai-1.oraclecloud.com/n/softlogicbicloud/b/cdn/o/products/400-600/146163275--2--1609054563.jpeg",
        "color": "White",
        "hex": "#FAFAFA"
      },
      {
        "src": "https://objectstorage.ap-mumbai-1.oraclecloud.com/n/softlogicbicloud/b/cdn/o/products/400-600/146163275--3--1609054565.jpeg",
        "color": "Black",
        "hex": "#111312"
      }
    ],
    "created": 1601008415022,
    "currency": {
      "id": "LKR",
      "format": "Rs"
    },
    "sizes": [
      "5",
      "5.5",
      "6",
      "6.5",
      "7",
      "7.5",
      "8",
      "8.5",
      "9"
    ],
    "name": "Odel Short Sleeve",
    "price": 3500,
    "description": "The Odel Short Sleeve Polka Dot Shirt",
    "productCode": "CI9924-100",
    "ratings": {
      "total": 4,
      "avg": 5,
      "reviews": []
    }
  },
  {
    "_id": {
      "$oid": "5f6d74c519ce90070b4837cf"
    },
    "status": 1,
    "customerType": 2,
    "category": "sneakers",
    "images": [
      {
        "src": "https://objectstorage.ap-mumbai-1.oraclecloud.com/n/softlogicbicloud/b/cdn/o/products/400-600/152711792--1--1614747933.jpeg",
        "color": "Pink",
        "hex": "#E53F90"
      },
      {
        "src": "https://objectstorage.ap-mumbai-1.oraclecloud.com/n/softlogicbicloud/b/cdn/o/products/400-600/152711792--2--1614747935.jpeg",
        "color": "Platinum",
        "hex": "#A4B6BA"
      },
      {
        "src": "https://objectstorage.ap-mumbai-1.oraclecloud.com/n/softlogicbicloud/b/cdn/o/products/400-600/152711792--3--1614747937.jpeg",
        "color": "Light Pink",
        "hex": "#C9A4B4"
      },
      {
        "src": "https://objectstorage.ap-mumbai-1.oraclecloud.com/n/softlogicbicloud/b/cdn/o/products/400-600/152711792--3--1614747937.jpeg",
        "color": "Black",
        "hex": "#2F3033"
      }
    ],
    "created": 1601008816970,
    "currency": {
      "id": "INR",
      "format": "₹"
    },
    "sizes": [
      "5",
      "5.5",
      "6",
      "6.5",
      "7",
      "7.5",
      "8",
      "8.5",
      "9"
    ],
    "name": "Odel Beach Shirt",
    "price": 3200,
    "description": "Odel Beach Shirt Cash on Delivery",
    "productCode": "AT8241-005",
    "ratings": {
      "total": 34,
      "avg": 4.5,
      "reviews": []
    }
  },
  {
    "_id": {
      "$oid": "5f6d761c19ce90070b4837d0"
    },
    "status": 1,
    "customerType": 5,
    "category": "sneakers",
    "images": [
      {
        "src": "https://objectstorage.ap-mumbai-1.oraclecloud.com/n/softlogicbicloud/b/cdn/o/products/400-600/156862723--1--1620803022.jpeg",
        "color": "Blue",
        "hex": "#3089D0"
      },
      {
        "src": "https://objectstorage.ap-mumbai-1.oraclecloud.com/n/softlogicbicloud/b/cdn/o/products/400-600/156862723--2--1620810137.jpeg",
        "color": "Red",
        "hex": "#C61B22"
      }
    ],
    "created": 1601009129502,
    "currency": {
      "id": "INR",
      "format": "₹"
    },
    "sizes": [
      "12C",
      "12.5C",
      "13C",
      "13.5C",
      "1Y",
      "1.5Y",
      "2Y",
      "2.5Y",
      "3Y"
    ],
    "name": "Die T-Shirt",
    "price": 1850,
    "description": "Odel Tie Die T-Shirt",
    "productCode": "CT4063-400",
    "ratings": {
      "total": 34,
      "avg": 4.5,
      "reviews": []
    }
  },
  {
    "_id": {
      "$oid": "5f6e0a4340fdb952de7f9314"
    },
    "status": 3,
    "customerType": 2,
    "category": "sneakers",
    "images": [
      {
        "src": "https://objectstorage.ap-mumbai-1.oraclecloud.com/n/softlogicbicloud/b/cdn/o/products/400-600/FU3869-450--1--1608107289.jpeg",
        "color": "Black/Lime",
        "hex": "#0D0D0D"
      },
      {
        "src": "https://objectstorage.ap-mumbai-1.oraclecloud.com/n/softlogicbicloud/b/cdn/o/products/400-600/FU3869-450--2--1608107290.jpeg",
        "color": "Black/Yellow",
        "hex": "#F0E53C"
      }
    ],
    "created": 1601009129502,
    "currency": {
      "id": "LKR",
      "format": "Rs"
    },
    "sizes": [
      "7",
      "8"
    ],
    "name": "Short Sleeves Tshirt",
    "price": 2500,
    "description": "Adidas Originals Womens Lifestyle Short Sleeves Tshirt",
    "productCode": "BQ9646-001",
    "ratings": {
      "total": 102,
      "avg": 4.5,
      "reviews": []
    }
  },
  {
    "_id": {
      "$oid": "5f6e0b6440fdb952de7f9315"
    },
    "status": 3,
    "customerType": 2,
    "category": "sneakers",
    "images": [
      {
        "src": "https://objectstorage.ap-mumbai-1.oraclecloud.com/n/softlogicbicloud/b/cdn/o/products/400-600/GJ6521-270--1--1620622960.jpeg",
        "color": "Black",
        "hex": "#1C1B1D"
      },
      {
        "src": "https://objectstorage.ap-mumbai-1.oraclecloud.com/n/softlogicbicloud/b/cdn/o/products/400-600/GJ6521-270--2--1620622962.jpeg",
        "color": "Iron Grey",
        "hex": "#3A363D"
      }
    ],
    "created": 1601047285438,
    "currency": {
      "id": "LKR",
      "format": "Rs"
    },
    "sizes": [
      "6",
      "7.5",
      "8",
      "8.5"
    ],
    "name": "Adidas Sleeves Tshirt",
    "price": 2250,
    "description": "Adidas Short Sleeves Tshirt ",
    "productCode": "CJ6740-002",
    "ratings": {
      "total": 34,
      "avg": 4.5,
      "reviews": []
    }
  },
  {
    "_id": {
      "$oid": "5f6e0c3040fdb952de7f9316"
    },
    "status": 1,
    "customerType": 3,
    "category": "sneakers",
    "images": [
      {
        "src": "https://objectstorage.ap-mumbai-1.oraclecloud.com/n/softlogicbicloud/b/cdn/o/products/400-600/GM1587-210--1--1617086171.jpeg",
        "color": "Black/Yellow",
        "hex": "#B9982D"
      },
      {
        "src": "https://objectstorage.ap-mumbai-1.oraclecloud.com/n/softlogicbicloud/b/cdn/o/products/400-600/GM1587-210--2--1617086174.jpeg",
        "color": "Racer Blue",
        "hex": "#102266"
      }
    ],
    "created": 1601047571500,
    "currency": {
      "id": "LKR",
      "format": "Rs"
    },
    "sizes": [
      "6",
      "7.5",
      "8",
      "8.5"
    ],
    "name": "Black Short Sleeves Tshirt",
    "price": 12495,
    "description": "Adidas Short Sleeves Tshirt Cash on Delivery",
    "productCode": "CK7513-003",
    "ratings": {
      "total": 6,
      "avg": 4,
      "reviews": []
    }
  },
  {
    "_id": {
      "$oid": "5f6e0d3840fdb952de7f9317"
    },
    "status": 1,
    "customerType": 4,
    "category": "sneakers",
    "images": [
      {
        "src": "https://static.nike.com/a/images/t_PDP_864_v1/f_auto,b_rgb:f5f5f5/d0ef8df6-eed6-4679-b63b-4aa2194a6bb3/zoom-rize-2-ep-basketball-shoe-0KlTDj.jpg",
        "color": "University Red",
        "hex": "#CD1D26"
      }
    ],
    "created": 1601047852170,
    "currency": {
      "id": "INR",
      "format": "₹"
    },
    "sizes": [
      "6",
      "7",
      "7.5",
      "8",
      "8.5",
      "10",
      "10.5",
      "11",
      "11.5",
      "12",
      "13"
    ],
    "name": "Nike Zoom Rize 2 EP (Team)",
    "price": 12495,
    "description": "It's simple: Less weight plus more responsiveness equals a greater return on your energy. With cushioning that responds with every step, the Nike Zoom Rize 2 combines lightweight, extra-durable materials to help you outlast your opponents all season long.",
    "productCode": "CZ5021-100",
    "ratings": {
      "total": 6,
      "avg": 4,
      "reviews": []
    }
  },
  {
    "_id": {
      "$oid": "5f6e0e8940fdb952de7f9318"
    },
    "status": 1,
    "customerType": 3,
    "category": "sneakers",
    "images": [
      {
        "src": "https://objectstorage.ap-mumbai-1.oraclecloud.com/n/softlogicbicloud/b/cdn/o/products/400-600/GJ5418-270--1--1620622921.jpeg",
        "color": "Hyper Jade",
        "hex": "#50CFC6"
      },
      {
        "src": "https://objectstorage.ap-mumbai-1.oraclecloud.com/n/softlogicbicloud/b/cdn/o/products/400-600/GJ5418-270--2--1620622923.jpeg",
        "color": "Metallic Gold",
        "hex": "#D47F42"
      },
      {
        "src": "https://objectstorage.ap-mumbai-1.oraclecloud.com/n/softlogicbicloud/b/cdn/o/products/400-600/GJ5418-270--5--1620622931.jpeg",
        "color": "Black",
        "hex": "#141415"
      }
    ],
    "created": 1601048173895,
    "currency": {
      "id": "LKR",
      "format": "Rs"
    },
    "sizes": [
      "5",
      "6",
      "6.5",
      "7",
      "7.5",
      "8",
      "8.5",
      "9"
    ],
    "name": "Hooded Long Sleevess Top",
    "price": 3200,
    "description": "Adidas Womens Lifestyle Hooded Long Sleevess Top",
    "productCode": "AT3160-020",
    "ratings": {
      "total": 11,
      "avg": 5,
      "reviews": []
    }
  },
  {
    "_id": {
      "$oid": "5f6e0f8940fdb952de7f9319"
    },
    "status": 1,
    "customerType": 3,
    "category": "sneakers",
    "images": [
      {
        "src": "https://objectstorage.ap-mumbai-1.oraclecloud.com/n/softlogicbicloud/b/cdn/o/products/400-600/140008821--1--1606129642.jpeg",
        "color": "White",
        "hex": "#FFFFFF"
      }
    ],
    "created": 1601048315560,
    "currency": {
      "id": "LKR",
      "format": "Rs"
    },
    "sizes": [
      "6",
      "6.5",
      "7",
      "7.5",
      "8",
      "8.5"
    ],
    "name": "Boysenbear Boys Tshirt",
    "price": 2500,
    "description": "Boysenbear Boys Tshirt Cash on Delivery",
    "productCode": "CD5434-105",
    "ratings": {
      "total": 15,
      "avg": 4.5,
      "reviews": []
    }
  }
]